Workbook

Sheet Leia-me
B1: Medição preliminar – Moradia bifamiliar Apúlia (Vendeiro)
B2: v1 · Elaborada a partir das peças escritas dos projetos (sem MQ do projetista) · Para validação
B4: Confiança A | C4: Medição do projeto
B5: Confiança B | C5: Calculado a partir de dados do projeto
B6: Confiança C | C6: Estimativa por rácio / pressuposto
B7: Confiança D | C7: Verba a medir / a confirmar
C9: • Rastreabilidade: cada quantidade do MQ remete para uma linha da folha «Cálculos» (fórmula + fonte). Altere os dados de base (D01–D20) e tudo recalcula.
C10: • Arquitetura: os desenhos do PDF usam fontes não extraíveis; as áreas dos compartimentos foram lidas nas plantas incluídas nos projetos de Gás/Residuais.
C11: • Estrutura: volumes de pilares e vigas estimados (secções reais, comprimentos/alturas aproximados). Aço por rácio. Validar com medição sobre desenhos.
C12: • Elétrico: desenhos não legíveis → pontos de luz/tomadas por rácio (0,25 e 0,35 por m² útil).
C13: • Omissões identificadas e já incluídas: válvula antirretorno (cadastro EAmb), ATE do ITED (qtd 0 no projeto), hidrante SCIE, poço de infiltração pluvial.
C14: • Fora de medição (confiança D): demolição do existente, arranjos exteriores, guardas, pintura exterior, luminárias, cozinhas.
B16: Resumo da confiança
B17: A – Medição do projeto | C17: 51 artigos
B18: B – Calculado a partir de dados do projeto | C18: 26 artigos
B19: C – Estimativa por rácio / pressuposto | C19: 35 artigos
B20: D – Verba a medir / a confirmar | C20: 6 artigos

Sheet MQ_Preliminar
A1: MAPA DE QUANTIDADES PRELIMINAR
A2: Obra: Moradia bifamiliar – Rua da Ponte Nova 30, Apúlia (Esposende) · Requerente: M. A. S. R. Vendeiro
A4: Artº | B4: Descrição | C4: Un | D4: Quant. | E4: Origem / cálculo | F4: Confiança
A5: 1 | B5: ESTALEIRO, TRABALHOS PREPARATÓRIOS E DEMOLIÇÕES
A6: 1.1 | B6: Montagem, manutenção e desmontagem de estaleiro, incluindo vedação, sinalização, instalações e ligações provisórias | C6: vg | D6: =1 -> 1 | E6: Checklist GER-01/02 | F6: C
A7: 1.2 | B7: Demolição do edifício existente, incluindo triagem, transporte e deposição de RCD em operador licenciado | C7: vg | D7: =1 -> 1 | E7: Projeto: 'demolição de edifício' – área existente não consta; medir em visita | F7: D
A8: 1.3 | B8: Plano de prevenção e gestão de RCD e implementação do PSS | C8: vg | D8: =1 -> 1 | E8: Checklist GER-06/07 | F8: C
A9: 1.4 | B9: Implantação topográfica e piquetagem | C9: vg | D9: =1 -> 1 | E9: Checklist GER-05 | F9: C
A10: 2 | B10: MOVIMENTO DE TERRAS
A11: 2.1 | B11: Escavação em terreno médio para abertura de caboucos de sapatas e vigas de fundação | C11: m³ | D11: =Cálculos!$E$39 -> 30.7905 | E11: Calc. E16 | F11: B
A12: 2.2 | B12: Aterro e compactação com material selecionado | C12: m³ | D12: =ROUND(Cálculos!$E$39*0.35,1) -> 10.8 | E12: ≈35% do escavado | F12: C
A13: 2.3 | B13: Transporte de terras sobrantes a vazadouro | C13: m³ | D13: =ROUND(Cálculos!$E$39*0.65*1.25,1) -> 25 | E13: ≈65% do escavado × empolamento 1,25 | F13: C
A14: 2.4 | B14: Caixa de brita 30/50 compactada, e=0,15 m, com geotêxtil e duplo filme de polietileno sob pavimento térreo | C14: m³ | D14: =Cálculos!$E$40 -> 13.6605 | E14: Calc. E17 / Estab. pormenor PT1 | F14: B
A15: 3 | B15: ESTRUTURA DE BETÃO ARMADO
A16: 3.1 | B16: Betão de limpeza C16/20 | C16: m³ | D16: =Cálculos!$E$33 -> 5.92125 | E16: Calc. E10 | F16: B
A17: 3.2 | B17: Betão em fundações C25/30 (exec. c/ bomba) – sapatas e lintéis de fundação | C17: m³ | D17: =Cálculos!$E$24+Cálculos!$E$25+Cálculos!$E$26 -> 23.685 | E17: Calc. E01+E02+E03 | F17: B
A18: 3.3 | B18: Betão em pilares C25/30 | C18: m³ | D18: =Cálculos!$E$27 -> 14.08 | E18: Calc. E04 | F18: C
A19: 3.4 | B19: Betão em vigas C25/30 | C19: m³ | D19: =Cálculos!$E$28 -> 18 | E19: Calc. E05 | F19: C
A20: 3.5 | B20: Laje aligeirada de vigotas pré-esforçadas 20+5 (INORBEL ou equivalente), C25/30 | C20: m² | D20: =Cálculos!$E$29 -> 258.3 | E20: Calc. E06 | F20: B
A21: 3.6 | B21: Betão em laje maciça C25/30 | C21: m³ | D21: =Cálculos!$E$30 -> 3.75 | E21: Calc. E07 | F21: C
A22: 3.7 | B22: Betão em escadas C25/30 | C22: m³ | D22: =Cálculos!$E$31 -> 3 | E22: Calc. E08 | F22: C
A23: 3.8 | B23: Pavimento térreo em betão armado com malhasol AQ50 e hidrófugo | C23: m² | D23: =Cálculos!$E$32 -> 91.07 | E23: Calc. E09 / Estab. PT1 | F23: B
A24: 3.9 | B24: Aço A400 em varão (fornecimento e colocação) | C24: kg | D24: =ROUND(Cálculos!$E$34+Cálculos!$E$35+Cálculos!$E$36,0) -> 6199 | E24: Calc. E11–E13 (rácios) | F24: C
A25: 3.10 | B25: Cofragem recuperável em pilares | C25: m² | D25: =Cálculos!$E$37 -> 183.04 | E25: Calc. E14 | F25: C
A26: 3.11 | B26: Cofragem recuperável em vigas | C26: m² | D26: =Cálculos!$E$38 -> 189 | E26: Calc. E15 | F26: C
A27: 3.12 | B27: Impermeabilização de elementos enterrados com duas demãos de pintura asfáltica | C27: m² | D27: =ROUND((Cálculos!$E$24+Cálculos!$E$25+Cálculos!$E$26)*2.5,1) -> 59.2 | E27: Estab. – nota elementos enterrados (≈2,5 m²/m³) | F27: C
A28: 4 | B28: ALVENARIAS E DIVISÓRIAS
A29: 4.1 | B29: Parede exterior em alvenaria de bloco térmico 25 cm | C29: m² | D29: =Cálculos!$E$41 -> 160.15 | E29: Calc. A01 | F29: B
A30: 4.2 | B30: Paredes interiores em tijolo 11 | C30: m² | D30: =Cálculos!$E$42 -> 182.7 | E30: Calc. A02 (rácio) | F30: C
A31: 4.3 | B31: Forro interior em dupla placa de gesso cartonado com caixa de ar e lã mineral | C31: m² | D31: =Cálculos!$E$43 -> 166.3 | E31: Calc. A03 | F31: B
A32: 4.4 | B32: Lintéis, vergas e remates de vãos em alvenaria | C32: m | D32: =Cálculos!$E$18 -> 79.95 | E32: Térmico – contorno de caixilharia | F32: C
A33: 5 | B33: REVESTIMENTOS E ISOLAMENTOS
A34: 5.1 | B34: ETICS parede exterior (isolamento 80 mm + acabamento), incluindo perfis e reforços de vãos | C34: m² | D34: =Cálculos!$E$44 -> 93.19 | E34: Calc. A04 – confirmar EPS/XPS (divergência Acústica) | F34: B
A35: 5.2 | B35: Reboco interior e estuque projetado em paredes | C35: m² | D35: =Cálculos!$E$47 -> 451.35068 | E35: Calc. A07 | F35: C
A36: 5.3 | B36: Pintura interior tinta plástica (2 demãos c/ primário) em paredes e tetos | C36: m² | D36: =Cálculos!$E$47+Cálculos!$E$52+Cálculos!$E$53 -> 632.66068 | E36: Calc. A07+A12+A13 | F36: C
A37: 5.4 | B37: Revestimento cerâmico parede interior (I.S. e cozinhas) | C37: m² | D37: =Cálculos!$E$45+Cálculos!$E$46 -> 80.349319 | E37: Calc. A05+A06 | F37: B
A38: 5.5 | B38: Betonilha de regularização de pavimentos | C38: m² | D38: =Cálculos!$E$49 -> 181.31 | E38: Calc. A09 | F38: B
A39: 5.6 | B39: Lajeta flutuante 8 cm com manta acústica de impacto (pavimento Fração B) | C39: m² | D39: =Cálculos!$E$50 -> 81.07 | E39: Acústica PAVE1 | F39: B
A40: 5.7 | B40: Pavimento cerâmico (colocação e fornecimento) | C40: m² | D40: =Cálculos!$E$48 -> 181.31 | E40: Plantas | F40: A
A41: 5.8 | B41: Rodapé | C41: m | D41: =ROUND(Cálculos!$E$51,0) -> 140 | E41: Calc. A11 | F41: C
A42: 5.9 | B42: Tecto falso pladur BA13 com alhetas e sancas | C42: m² | D42: =Cálculos!$E$52 -> 147.1 | E42: Calc. A12 | F42: B
A43: 5.10 | B43: Tecto falso pladur hidrófugo WA13 | C43: m² | D43: =Cálculos!$E$53 -> 34.21 | E43: Calc. A13 | F43: A
A44: 5.11 | B44: Isolamento lã de rocha 10 cm sobre teto falso | C44: m² | D44: =Cálculos!$E$54 -> 194.82 | E44: Calc. A14 | F44: B
A45: 5.12 | B45: Isolamento térmico de pavimentos (PVE1/PVI) | C45: m² | D45: =Cálculos!$E$55 -> 128.75 | E45: Térmico | F45: A
A46: 5.13 | B46: Impermeabilização terraço/varanda com manta, incluindo remates e rufos | C46: m² | D46: =Cálculos!$E$57 -> 116.79 | E46: Calc. A17 | F46: B
A47: 5.14 | B47: Pintura exterior tinta acrílica em platibandas e elementos não revestidos a ETICS | C47: vg | D47: =1 -> 1 | E47: A medir nos alçados | F47: D
A48: 6 | B48: COBERTURA
A49: 6.1 | B49: Cobertura inclinada: estrutura, subtelha, ripado, telha, cumeeiras e beirados | C49: m² | D49: =Cálculos!$E$56 -> 161.029 | E49: Calc. A16 – tipo de telha a confirmar | F49: C
A50: 6.2 | B50: Isolamento térmico da laje de esteira (desvão) – incluído em 5.11 | C50: m² | D50: =0 -> 0 | E50: Incluído em 5.11 | F50: B
A51: 6.3 | B51: Acesso à cobertura (alçapão) e linha de vida | C51: vg | D51: =1 -> 1 | E51: Checklist ARQ-20 | F51: C
A52: 7 | B52: VÃOS EXTERIORES E CARPINTARIAS
A53: 7.1 | B53: Caixilharia em alumínio com corte térmico, classe 4, vidro duplo g=0,42 | C53: m² | D53: =Cálculos!$E$58 -> 45.7 | E53: Calc. A18 (Térmico) | F53: B
A54: 7.2 | B54: Estores de rolo motorizados em lâminas de alumínio, incl. caixa de estore isolada | C54: m | D54: =Cálculos!$E$59 -> 20.85 | E54: Térmico – caixas de estore | F54: A
A55: 7.3 | B55: Porta exterior blindada 90cm | C55: un | D55: =Cálculos!$E$60 -> 2 | E55: Térmico VOE1 | F55: A
A56: 7.4 | B56: Porta interior pré-fabricada MDF lacada | C56: un | D56: =Cálculos!$E$61 -> 13 | E56: Plantas | F56: B
A57: 7.5 | B57: Peitoris e soleiras em pedra com pingadeira | C57: m | D57: =ROUND(Cálculos!$E$62,1) -> 32 | E57: Calc. A22 | F57: C
A58: 7.6 | B58: Guarda-corpo em terraço/varanda | C58: m | D58: =0 -> 0 | E58: A medir nos alçados | F58: D
A59: 7.7 | B59: Cozinhas (móveis, bancada) – confirmar se incluídas na empreitada | C59: vg | D59: =2 -> 2 | E59: Plantas – 2 cozinhas | F59: D
A60: 8 | B60: ÁGUAS (ABASTECIMENTO)
A61: 8.1 | B61: Tubagem PPR PN20 D20 (abastecimento interior) | C61: m | D61: =Cálculos!$E$63 -> 74.56 | E61: Águas – medição | F61: A
A62: 8.2 | B62: Tubagem PPR PN20 D25 | C62: m | D62: =Cálculos!$E$64 -> 48.63 | E62: Águas – medição | F62: A
A63: 8.3 | B63: Tubagem PPR PN20 D32 | C63: m | D63: =Cálculos!$E$65 -> 22.11 | E63: Águas – medição | F63: A
A64: 8.4 | B64: Ramal abastecimento água PE100 D32 / PEAD Ø25-32 enterrado | C64: m | D64: =Cálculos!$E$66+Cálculos!$E$67 -> 111.71 | E64: Águas – medição | F64: A
A65: 8.5 | B65: Válvulas de seccionamento | C65: un | D65: =16 -> 16 | E65: Águas – medição (8+8) | F65: A
A66: 8.6 | B66: Bomba de calor monobloco para AQS c/ acumulador (200 L T2 + 300 L T3) | C66: un | D66: =2 -> 2 | E66: Águas 3.6 – ZANTIA Regina MAX | F66: A
A67: 8.7 | B67: Isolamento de tubagem de água quente | C67: m | D67: =ROUND((Cálculos!$E$63+Cálculos!$E$64+Cálculos!$E$65)*0.5,1) -> 72.7 | E67: ≈50% da rede interior | F67: C
A68: 8.8 | B68: Ensaios de estanquidade e desinfeção | C68: vg | D68: =1 -> 1 | E68: Checklist AAG-11 | F68: C
A69: 9 | B69: DRENAGEM DE ÁGUAS RESIDUAIS
A70: 9.1 | B70: Ramal de descarga PVC D50 (esgoto) | C70: m | D70: =Cálculos!$E$68 -> 23.3 | E70: Residuais – medição | F70: A
A71: 9.2 | B71: Ramal de descarga PVC D75 | C71: m | D71: =Cálculos!$E$69 -> 44.32 | E71: Residuais – medição | F71: A
A72: 9.3 | B72: Tubo queda PVC D90 (esgoto) e ventilação primária | C72: m | D72: =Cálculos!$E$70 -> 33.73 | E72: Residuais – medição | F72: A
A73: 9.4 | B73: Coletor PVC SN4 Ø110 enterrado | C73: m | D73: =Cálculos!$E$71 -> 38.13 | E73: Residuais – medição | F73: A
A74: 9.5 | B74: Coletor PVC SN4 Ø125 enterrado | C74: m | D74: =Cálculos!$E$72 -> 9.12 | E74: Residuais – medição | F74: A
A75: 9.6 | B75: Ventilação secundária PVC Ø40 | C75: m | D75: =Cálculos!$E$73 -> 9.6 | E75: Residuais – medição | F75: A
A76: 9.7 | B76: Caixa de visita betão D60 (h até 1,2m) | C76: un | D76: =7 -> 7 | E76: Residuais – medição | F76: A
A77: 9.8 | B77: Válvula antirretorno na ligação à rede pública (exigência cadastro EAmb) | C77: un | D77: =1 -> 1 | E77: Cadastro Esposende Ambiente – OMISSÃO no projeto | F77: B
A78: 10 | B78: DRENAGEM DE ÁGUAS PLUVIAIS
A79: 10.1 | B79: Tubo de queda PVC Ø90 pluviais | C79: m | D79: =Cálculos!$E$74 -> 20.99 | E79: Pluviais – medição | F79: A
A80: 10.2 | B80: Coletor PVC Ø110 | C80: m | D80: =Cálculos!$E$75 -> 22.34 | E80: Pluviais – medição | F80: A
A81: 10.3 | B81: Ramais PVC Ø50/Ø75 | C81: m | D81: =Cálculos!$E$76 -> 2.72 | E81: Pluviais – medição | F81: A
A82: 10.4 | B82: Caleira semicircular Ø110 e rufos | C82: m | D82: =Cálculos!$E$77 -> 20.98 | E82: Pluviais – medição | F82: A
A83: 10.5 | B83: Caixa de visita betão D60 (h até 1,2m) – pluviais | C83: un | D83: =4 -> 4 | E83: Pluviais – medição | F83: A
A84: 10.6 | B84: Poço de infiltração em argolas de betão Ø1,00 m, h=2,00 m, com godo e geotêxtil | C84: un | D84: =1 -> 1 | E84: Pluviais – des. 05/06 (não medido no projeto) | F84: B
A85: 11 | B85: LOIÇAS SANITÁRIAS E EQUIPAMENTO
A86: 11.1 | B86: Conjunto sanita + autoclismo + assento | C86: un | D86: =4 -> 4 | E86: Residuais – descargas | F86: A
A87: 11.2 | B87: Lavatório com móvel | C87: un | D87: =4 -> 4 | E87: Residuais – descargas | F87: A
A88: 11.3 | B88: Base de duche e resguardo | C88: un | D88: =3 -> 3 | E88: Residuais – descargas | F88: A
A89: 11.4 | B89: Torneira misturadora (louça sanitária excluída) | C89: un | D89: =4+3+2 -> 9 | E89: Lavatórios + chuveiros + lava-louças | F89: B
A90: 11.5 | B90: Pia lava-louça | C90: un | D90: =2 -> 2 | E90: Residuais – descargas | F90: A
A91: 12 | B91: INSTALAÇÕES ELÉTRICAS
A92: 12.1 | B92: Portinhola PBT-Tri, ramal subterrâneo PEAD Ø90 e pedido de ligação | C92: vg | D92: =1 -> 1 | E92: Elétrico – diagrama | F92: A
A93: 12.2 | B93: Quadro de contagem centralizada (QCC) com botoneira de corte geral | C93: un | D93: =1 -> 1 | E93: Elétrico – des. 05 | F93: A
A94: 12.3 | B94: Quadro eléctrico geral até 24 disjuntores (habitação) | C94: un | D94: =2 -> 2 | E94: Elétrico – QH A e B | F94: A
A95: 12.4 | B95: Quadro de serviços comuns (QSC) | C95: un | D95: =1 -> 1 | E95: Elétrico – diagrama | F95: A
A96: 12.5 | B96: Colunas XZ1 3G10 em PEAD Ø50 (QCC→QH) | C96: m | D96: =30 -> 30 | E96: Elétrico – diagrama (comprimento estimado) | F96: C
A97: 12.6 | B97: Ponto de luz (caixa + ligações) | C97: un | D97: =Cálculos!$E$78 -> 51 | E97: Calc. L01 (rácio) | F97: C
A98: 12.7 | B98: Tomada dupla encastrada | C98: un | D98: =Cálculos!$E$79 -> 71 | E98: Calc. L02 (rácio) | F98: C
A99: 12.8 | B99: Elétrodo de terra, ligador amovível e ligações equipotenciais | C99: vg | D99: =1 -> 1 | E99: Elétrico – MD 1.10 | F99: A
A100: 12.9 | B100: Infraestrutura para carregador EV: tubo Ø40 e caixa terminal (pré-instalação) | C100: vg | D100: =1 -> 1 | E100: Elétrico – des. 02 | F100: A
A101: 12.10 | B101: Videoporteiro básico | C101: un | D101: =2 -> 2 | E101: Elétrico – MD 1.14 | F101: B
...

Sheet Cálculos
A1: CÁLCULOS AUXILIARES (fórmulas rastreáveis)
A3: ID | B3: Descrição | C3: Expressão | E3: Resultado | F3: Un | G3: Fonte | H3: Conf.
A4: D01 | B4: Área útil Fração A (T2, RC) | C4: 77.5 | E4: =77.5 -> 77.5 | F4: m² | G4: Térmico – Ficha 1 Fração A | H4: A
A5: D02 | B5: Área útil Fração B (T3, andar) | C5: 125.5 | E5: =125.5 -> 125.5 | F5: m² | G5: Térmico – Ficha 1 Fração B | H5: A
A6: D03 | B6: Área bruta de construção | C6: 390.6 | E6: =390.6 -> 390.6 | F6: m² | G6: Arquitetura – estimativa custo / SCIE ficha | H6: A
A7: D04 | B7: Paredes exteriores PDE1 Fração A (opaco) | C7: 12.70+3.60+13.45 | E7: =12.7+3.6+13.45 -> 29.75 | F7: m² | G7: Térmico – Folha cálculo A (A.1) | H7: A
A8: D05 | B8: Paredes exteriores PDE1 Fração B (opaco) | C8: 20.45+10.30+10.55 | E8: =20.45+10.3+10.55 -> 41.3 | F8: m² | G8: Térmico – Folha cálculo B (A.1) | H8: A
A9: D06 | B9: Pontes térmicas planas PTPPDE1 (A+B) | C9: 0.90+0.90+1.75+2.60 | E9: =0.9+0.9+1.75+2.6 -> 6.15 | F9: m² | G9: Térmico – Folhas A e B | H9: A
A10: D07 | B10: Envidraçados Fração A | C10: 31.32/1.80 | E10: =31.32/1.8 -> 17.4 | F10: m² | G10: Térmico – ΣU.A / U (1,80) | H10: B
A11: D08 | B11: Envidraçados Fração B | C11: 50.94/1.80 | E11: =50.94/1.8 -> 28.3 | F11: m² | G11: Térmico – ΣU.A / U (1,80) | H11: B
A12: D09 | B12: Paredes em contacto com edifício adjacente PDI2 (A+B) | C12: 27.75+44.15 | E12: =27.75+44.15 -> 71.9 | F12: m² | G12: Térmico – Folhas A e B (A.2) | H12: A
A13: D10 | B13: Paredes em contacto com área técnica PDI1 (A+B) | C13: 10.15+7.05 | E13: =10.15+7.05 -> 17.2 | F13: m² | G13: Térmico – Folhas A e B (A.2) | H13: A
A14: D11 | B14: Cobertura exterior CBE1 (A) | C14: 19.05 | E14: =19.05 -> 19.05 | F14: m² | G14: Térmico – Folha A | H14: A
A15: D12 | B15: Laje sob desvão de cobertura CBI1 (B) | C15: 113.75 | E15: =113.75 -> 113.75 | F15: m² | G15: Térmico – Folha B | H15: A
A16: D13 | B16: Pavimento sobre exterior PVE1 (B) | C16: 36.95 | E16: =36.95 -> 36.95 | F16: m² | G16: Térmico – Folha B | H16: A
A17: D14 | B17: Pavimento sobre desvão sanitário PVI1 (A) + PVI1/PVI2 (B) | C17: 77.55+10.80+3.45 | E17: =77.55+10.8+3.45 -> 91.8 | F17: m² | G17: Térmico – Folhas A e B | H17: A
A18: D15 | B18: Comprimento de contorno de caixilharia (A+B) | C18: 29.00+50.95 | E18: =29+50.95 -> 79.95 | F18: m | G18: Térmico – pontes térmicas lineares | H18: A
A19: D16 | B19: Comprimento de caixas de estore (A+B) | C19: 7.05+13.80 | E19: =7.05+13.8 -> 20.85 | F19: m | G19: Térmico – pontes térmicas lineares | H19: A
A20: D17 | B20: Área de cobertura drenada (projeção) | C20: 70.66+75.73 | E20: =70.66+75.73 -> 146.39 | F20: m² | G20: Pluviais – tubos de queda P1+P2 | H20: A
A21: D18 | B21: Terraços / varandas drenados (piso 2) | C21: 50.77+44.12+2.85 | E21: =50.77+44.12+2.85 -> 97.74 | F21: m² | G21: Pluviais – ramais A1+A2+A3 | H21: A
A22: D19 | B22: Áreas compartimentos RC (Fração A) | C22: 1.33+2.50+3.48+4.16+10.69+10.92+37.81+10.18 | E22: =1.33+2.5+3.48+4.16+10.69+10.92+37.81+10.18 -> 81.07 | F22: m² | G22: Plantas (legendas nos PDF Gás/Residuais) | H22: A
A23: D20 | B23: Áreas compartimentos andar (Fração B) | C23: 4.00+18.86+13.94+4.69+30.35+11.97+4.25+12.18 | E23: =4+18.86+13.94+4.69+30.35+11.97+4.25+12.18 -> 100.24 | F23: m² | G23: Plantas (legendas nos PDF Gás/Residuais) | H23: A
A24: E01 | B24: Volume sapatas do quadro (P4,P7,P9,P12,P13,P14,P15,P22,P16,P18,P17,P19,P20,P21,P5-6,P11-24) | C24: 3*1.35*1.35*0.4+1.85*0.95*0.4+2.6*1.3*0.6+2.1*1*0.4+2*1.4*0.8*0.4+2*1.35*1.35*0.4+1.65*1.65*0.4+2*0.8*1.4*0.4+0.9*0.9*0.4+2.3*0.9*0.4+3.4*1.35*0.4 | E24: =3*1.35*1.35*0.4+1.85*0.95*0.4+2.6*1.3*0.6+2.1*1*0.4+2*1.4*0.8*0.4+2*1.35*1.35*0.4+1.65*1.65*0.4+2*0.8*1.4*0.4+0.9*0.9*0.4+2.3*0.9*0.4+3.4*1.35*0.4 -> 13.085 | F24: m³ | G24: Estabilidade – Quadro de sapatas (des. 01) | H24: B
A25: E02 | B25: Sapatas P1,P2,P3,P8 (não constam do quadro – assumido 1,00×1,00×0,40) | C25: 4*1*1*0.4 | E25: =4*1*1*0.4 -> 1.6 | F25: m³ | G25: Pressuposto – pedir esclarecimento | H25: C
A26: E03 | B26: Vigas de fundação VF1 (≈75 m × 0,30 × 0,40 – secção não legível) | C26: 75*0.30*0.40 | E26: =75*0.3*0.4 -> 9 | F26: m³ | G26: Estimativa – perímetro implantação ≈50 m + alinhamentos interiores ≈25 m | H26: C
A27: E04 | B27: Pilares (22 un × secção média 0,25×0,40 × altura média 6,4 m) | C27: 22*0.25*0.40*6.4 | E27: =22*0.25*0.4*6.4 -> 14.08 | F27: m³ | G27: Estabilidade – quadro pilares (22 un); altura 2×3,20 m | H27: C
A28: E05 | B28: Vigas (≈180 m × secção média 0,25×0,40) | C28: 180*0.25*0.40 | E28: =180*0.25*0.4 -> 18 | F28: m³ | G28: Estabilidade – pórticos piso 1, piso 2, cobertura (estimativa de comprimentos) | H28: C
A29: E06 | B29: Lajes aligeiradas 20+5 (piso 2 + cobertura) | C29: D02+D12+D11 | E29: =Cálculos!$E$5+Cálculos!$E$15+Cálculos!$E$14 -> 258.3 | F29: m² | G29: Térmico: área piso B (125,5) + CBI1 + CBE1 | H29: B
A30: E07 | B30: Lajes maciças LM1 h=0,25 (varandas/patamares ≈15 m²) | C30: 15*0.25 | E30: =15*0.25 -> 3.75 | F30: m³ | G30: Estimativa – plantas estruturais | H30: C
A31: E08 | B31: Escada interior em betão armado | C31: 3 | E31: =3 -> 3 | F31: m³ | G31: Estimativa – 1 escada (2 lanços + patamar) | H31: C
A32: E09 | B32: Pavimento térreo PT1 (laje térrea sobre brita) – implantação RC | C32: D19+10 | E32: =Cálculos!$E$22+10 -> 91.07 | F32: m² | G32: Áreas RC + paredes (≈10 m²) | H32: B
A33: E10 | B33: Betão de limpeza (sapatas + VF, e=0,10) | C33: (E01+E02)/0.4*0.10+75*0.30*0.10 | E33: =(Cálculos!$E$24+Cálculos!$E$25)/0.4*0.1+75*0.3*0.1 -> 5.92125 | F33: m³ | G33: Calculado de E01–E03 | H33: B
A34: E11 | B34: Aço A400 – fundações (≈60 kg/m³) | C34: (E01+E02+E03)*60 | E34: =(Cálculos!$E$24+Cálculos!$E$25+Cálculos!$E$26)*60 -> 1421.1 | F34: kg | G34: Rácio corrente | H34: C
A35: E12 | B35: Aço A400 – pilares e vigas (≈130 kg/m³) | C35: (E04+E05)*130 | E35: =(Cálculos!$E$27+Cálculos!$E$28)*130 -> 4170.4 | F35: kg | G35: Rácio corrente | H35: C
A36: E13 | B36: Aço A400 – lajes maciças e escada (≈90 kg/m³) | C36: (E07+E08)*90 | E36: =(Cálculos!$E$30+Cálculos!$E$31)*90 -> 607.5 | F36: kg | G36: Rácio corrente | H36: C
A37: E14 | B37: Cofragem pilares (perímetro médio 1,30 m × 6,4 m × 22) | C37: 22*1.30*6.4 | E37: =22*1.3*6.4 -> 183.04 | F37: m² | G37: Calculado de E04 | H37: C
A38: E15 | B38: Cofragem vigas ((2×0,40+0,25) × 180 m) | C38: (2*0.40+0.25)*180 | E38: =(2*0.4+0.25)*180 -> 189 | F38: m² | G38: Calculado de E05 | H38: C
A39: E16 | B39: Escavação caboucos (sapatas+VF ×1,3) | C39: (E01+E02+E03)*1.3 | E39: =(Cálculos!$E$24+Cálculos!$E$25+Cálculos!$E$26)*1.3 -> 30.7905 | F39: m³ | G39: Calculado | H39: B
A40: E17 | B40: Caixa de brita 30/50 e=0,15 sob PT1 | C40: E09*0.15 | E40: =Cálculos!$E$32*0.15 -> 13.6605 | F40: m³ | G40: Estabilidade – pormenor PT1 | H40: B
A41: A01 | B41: Alvenaria exterior bloco térmico 25 cm (PDE1 + PDI1 + PDI2) | C41: D04+D05+D10+D09 | E41: =Cálculos!$E$7+Cálculos!$E$8+Cálculos!$E$13+Cálculos!$E$12 -> 160.15 | F41: m² | G41: Térmico (áreas opacas) | H41: B
A42: A02 | B42: Paredes divisórias interiores (≈0,9 × área útil, já descontados vãos) | C42: 0.9*(D01+D02) | E42: =0.9*(Cálculos!$E$4+Cálculos!$E$5) -> 182.7 | F42: m² | G42: Rácio corrente habitação | H42: C
A43: A03 | B43: Forro interior gesso cartonado das paredes envolventes (PDE1+PTP+PDI1+PDI2) | C43: D04+D05+D06+D10+D09 | E43: =Cálculos!$E$7+Cálculos!$E$8+Cálculos!$E$9+Cálculos!$E$13+Cálculos!$E$12 -> 166.3 | F43: m² | G43: Térmico/Acústica – PDE1 com dupla placa GC + caixa de ar | H43: B
A44: A04 | B44: ETICS (PDE1+PTP + retornos de vãos 0,20 m) | C44: D04+D05+D06+D15*0.20 | E44: =Cálculos!$E$7+Cálculos!$E$8+Cálculos!$E$9+Cálculos!$E$18*0.2 -> 93.19 | F44: m² | G44: Térmico | H44: B
A45: A05 | B45: Revestimento cerâmico paredes I.S. (4 WC, h=2,40) | C45: (4*SQRT(2.50)+4*SQRT(4.16)+4*SQRT(4.00)+4*SQRT(4.69))*2.40-4*1.60 | E45: =(4*SQRT(2.5)+4*SQRT(4.16)+4*SQRT(4)+4*SQRT(4.69))*2.4-4*1.6 -> 68.349319 | F45: m² | G45: Áreas WC (plantas) – perímetro ≈4√A | H45: B
A46: A06 | B46: Revestimento cerâmico paredes cozinhas (frente de bancada) | C46: 12 | E46: =12 -> 12 | F46: m² | G46: Estimativa – 2 cozinhas | H46: C
A47: A07 | B47: Estuque/reboco e pintura paredes interiores (divisórias 2 faces + forros – cerâmicos) | C47: 2*A02+A03-A05-A06 | E47: =2*Cálculos!$E$42+Cálculos!$E$43-Cálculos!$E$45-Cálculos!$E$46 -> 451.35068 | F47: m² | G47: Calculado | H47: C
A48: A08 | B48: Pavimento cerâmico interior (áreas úteis) | C48: D19+D20 | E48: =Cálculos!$E$22+Cálculos!$E$23 -> 181.31 | F48: m² | G48: Plantas | H48: A
A49: A09 | B49: Betonilha de regularização (pavimentos interiores) | C49: D19+D20 | E49: =Cálculos!$E$22+Cálculos!$E$23 -> 181.31 | F49: m² | G49: Plantas | H49: B
A50: A10 | B50: Lajeta flutuante + manta acústica (pavimento Fração B sobre A) | C50: D19 | E50: =Cálculos!$E$22 -> 81.07 | F50: m² | G50: Acústica – PAVE1 (área sobreposta ≈ RC) | H50: B
A51: A11 | B51: Rodapé (perímetro compartimentos s/ WC e cozinhas) | C51: 4*SQRT(10.69)+4*SQRT(10.92)+4*SQRT(37.81)+16+4*SQRT(13.94)+4*SQRT(11.97)+4*SQRT(12.18)+4*SQRT(30.35)+8 | E51: =4*SQRT(10.69)+4*SQRT(10.92)+4*SQRT(37.81)+16+4*SQRT(13.94)+4*SQRT(11.97)+4*SQRT(12.18)+4*SQRT(30.35)+8 -> 139.66221 | F51: m | G51: Plantas – perímetro ≈4√A | H51: C
A52: A12 | B52: Teto falso gesso cartonado standard | C52: D19+D20-A13 | E52: =Cálculos!$E$22+Cálculos!$E$23-Cálculos!$E$53 -> 147.1 | F52: m² | G52: Térmico CBI1 + Acústica PAVE1 (teto GC) | H52: B
A53: A13 | B53: Teto falso gesso cartonado hidrófugo (WC + cozinha B) | C53: 2.50+4.16+4.00+4.69+18.86 | E53: =2.5+4.16+4+4.69+18.86 -> 34.21 | F53: m² | G53: Plantas | H53: A
A54: A14 | B54: Isolamento lã de rocha 10 cm sobre teto falso (A sob B + B sob desvão) | C54: D19+D12 | E54: =Cálculos!$E$22+Cálculos!$E$15 -> 194.82 | F54: m² | G54: Acústica PAVE1 / Térmico CBI1 | H54: B
A55: A15 | B55: Isolamento térmico pavimentos (PVE1 + PVI) | C55: D13+D14 | E55: =Cálculos!$E$16+Cálculos!$E$17 -> 128.75 | F55: m² | G55: Térmico | H55: A
A56: A16 | B56: Cobertura inclinada (estrutura, subtelha, telha) – fator inclinação 1,10 | C56: D17*1.10 | E56: =Cálculos!$E$20*1.1 -> 161.029 | F56: m² | G56: Pluviais (área projetada) – tipo de telha a confirmar | H56: C
A57: A17 | B57: Impermeabilização terraços / varandas | C57: D18+D11 | E57: =Cálculos!$E$21+Cálculos!$E$14 -> 116.79 | F57: m² | G57: Pluviais + Térmico CBE1 | H57: B
A58: A18 | B58: Caixilharia alumínio c/ corte térmico, vidro duplo g=0,42 | C58: D07+D08 | E58: =Cálculos!$E$10+Cálculos!$E$11 -> 45.7 | F58: m² | G58: Térmico – envidraçados | H58: B
A59: A19 | B59: Estores de lâminas em alumínio (comprimento de caixas) | C59: D16 | E59: =Cálculos!$E$19 -> 20.85 | F59: m | G59: Térmico | H59: A
A60: A20 | B60: Portas de entrada de segurança (VOE1) | C60: 2 | E60: =2 -> 2 | F60: un | G60: Térmico – vãos opacos (1 por fração) | H60: A
A61: A21 | B61: Portas interiores (A: 6, B: 7) | C61: 13 | E61: =13 -> 13 | F61: un | G61: Contagem nas plantas | H61: B
A62: A22 | B62: Peitoris/soleiras em pedra | C62: D15/2.5 | E62: =Cálculos!$E$18/2.5 -> 31.98 | F62: m | G62: Estimativa a partir do contorno de vãos | H62: C
A63: H01 | B63: PPR PN20 Ø20 | C63: 36.68+37.88 | E63: =36.68+37.88 -> 74.56 | F63: m | G63: Águas – Medição 8.2 | H63: A
A64: H02 | B64: PPR PN20 Ø25 | C64: 22.72+25.91 | E64: =22.72+25.91 -> 48.63 | F64: m | G64: Águas – Medição 8.2 | H64: A
A65: H03 | B65: PPR PN20 Ø32 | C65: 3.00+8.04+11.07 | E65: =3+8.04+11.07 -> 22.11 | F65: m | G65: Águas – Medição 8.1/8.2 | H65: A
A66: H04 | B66: PEAD PE80 Ø25 (enterrado) | C66: 73.10 | E66: =73.1 -> 73.1 | F66: m | G66: Águas – Medição 8.2 | H66: A
A67: H05 | B67: PEAD PE80 Ø32 (enterrado) | C67: 38.61 | E67: =38.61 -> 38.61 | F67: m | G67: Águas – Medição 8.2 | H67: A
A68: S01 | B68: PVC Ø50 (ramais) | C68: 23.30 | E68: =23.3 -> 23.3 | F68: m | G68: Residuais – Medição 6.3 | H68: A
A69: S02 | B69: PVC Ø75 | C69: 29.32+15.00 | E69: =29.32+15 -> 44.32 | F69: m | G69: Residuais – 6.3 (inclui ventilação primária Ø75) | H69: A
A70: S03 | B70: PVC Ø90 | C70: 23.73+10.00 | E70: =23.73+10 -> 33.73 | F70: m | G70: Residuais – 6.3 (inclui ventilação primária Ø90) | H70: A
A71: S04 | B71: PVC Ø110 SN4 enterrado | C71: 38.13 | E71: =38.13 -> 38.13 | F71: m | G71: Residuais – 6.3 | H71: A
A72: S05 | B72: PVC Ø125 SN4 enterrado | C72: 9.12 | E72: =9.12 -> 9.12 | F72: m | G72: Residuais – 6.3 | H72: A
A73: S06 | B73: PVC Ø40 ventilação secundária | C73: 9.60 | E73: =9.6 -> 9.6 | F73: m | G73: Residuais – 6.3 | H73: A
A74: P01 | B74: Tubo de queda PVC Ø90 pluviais | C74: 20.99 | E74: =20.99 -> 20.99 | F74: m | G74: Pluviais – 7.3 | H74: A
A75: P02 | B75: Coletor PVC Ø110 (SN4 + série B) | C75: 21.86+0.48 | E75: =21.86+0.48 -> 22.34 | F75: m | G75: Pluviais – 7.3 | H75: A
A76: P03 | B76: Ramais PVC Ø50/Ø75 | C76: 1.97+0.75 | E76: =1.97+0.75 -> 2.72 | F76: m | G76: Pluviais – 7.3 | H76: A
A77: P04 | B77: Caleira semicircular Ø110 | C77: 20.98 | E77: =20.98 -> 20.98 | F77: m | G77: Pluviais – 7.3 | H77: A
A78: L01 | B78: Pontos de luz (≈0,25/m² útil) | C78: ROUND(0.25*(D01+D02),0) | E78: =ROUND(0.25*(Cálculos!$E$4+Cálculos!$E$5),0) -> 51 | F78: un | G78: Rácio – desenhos elétricos não legíveis | H78: C
A79: L02 | B79: Tomadas (≈0,35/m² útil) | C79: ROUND(0.35*(D01+D02),0) | E79: =ROUND(0.35*(Cálculos!$E$4+Cálculos!$E$5),0) -> 71 | F79: un | G79: Rácio – desenhos elétricos não legíveis | H79: C
A80: V01 | B80: Radiadores (A: 4, B: 6) | C80: 10 | E80: =10 -> 10 | F80: un | G80: AVAC – sistema caldeira+radiadores; nº estimado por compartimentos | H80: C
A81: V02 | B81: Rede hidráulica de aquecimento (≈12 m/radiador) | C81: V01*12 | E81: =Cálculos!$E$80*12 -> 120 | F81: m | G81: Estimativa | H81: C
